order_id,customer_id,product_id,order_date,quantity,sales
1,84,8,2024-07-02,3,1062
2,96,56,2024-05-05,2,1224
3,136,53,2024-12-15,5,2375
4,47,22,2024-02-10,2,2390
5,157,49,2024-12-15,5,2525
6,62,64,2024-03-14,5,4320
7,60,60,2024-08-23,3,3429
8,66,86,2024-08-26,1,854
9,74,87,2024-03-21,5,840
10,19,57,2024-10-27,3,1722
11,77,82,2024-12-19,4,2776
12,65,59,2024-04-11,3,1542
13,99,62,2024-05-01,1,1055
14,98,74,2024-10-21,3,1203
15,76,90,2024-01-12,3,2061
16,169,51,2024-01-05,3,129
17,145,88,2024-11-06,1,557
18,191,64,2024-04-27,3,2592
19,156,46,2024-11-21,2,566
20,49,80,2024-12-13,3,3087
21,194,93,2024-11-17,2,176
22,25,81,2024-06-07,1,273
23,113,5,2024-07-05,5,2375
24,188,17,2024-05-31,1,675
25,84,96,2024-03-30,4,800
26,52,17,2024-07-06,5,3375
27,136,65,2024-03-25,3,3162
28,66,62,2024-06-22,3,3165
29,30,60,2024-03-13,1,1143
30,194,29,2024-10-12,4,2788
31,94,12,2024-01-08,4,3356
32,68,69,2024-08-20,1,929
33,95,87,2024-10-26,3,504
34,98,82,2024-02-25,3,2082
35,173,30,2024-01-13,4,916
36,159,72,2024-11-08,3,3381
37,57,83,2024-11-21,1,916
38,119,90,2024-11-28,3,2061
39,105,15,2024-01-24,2,358
40,10,39,2024-02-29,4,4504
41,25,31,2024-03-10,5,3450
42,100,59,2024-12-09,3,1542
43,191,90,2024-08-02,5,3435
44,151,96,2024-07-31,2,400
45,168,13,2024-11-11,4,4156
46,105,36,2024-12-19,1,531
47,95,28,2024-08-15,4,2908
48,61,47,2024-12-17,1,912
49,95,70,2024-02-01,3,3018
50,102,36,2024-03-03,2,1062
51,117,12,2024-11-24,2,1678
52,164,77,2024-01-26,1,104
53,86,32,2024-10-16,2,2058
54,53,9,2024-04-16,5,5900
55,151,28,2024-06-17,2,1454
56,199,19,2024-01-02,5,1010
57,71,19,2024-10-03,2,404
58,65,23,2024-12-04,1,373
59,7,17,2024-07-02,1,675
60,61,76,2024-01-09,3,1479
61,45,34,2024-03-05,1,90
62,190,54,2024-02-28,5,4800
63,191,9,2024-08-17,4,4720
64,200,47,2024-10-30,5,4560
65,28,58,2024-04-23,5,5015
66,158,6,2024-06-03,5,2795
67,118,83,2024-02-01,1,916
68,123,52,2024-12-17,4,3400
69,28,63,2024-02-07,4,628
70,21,42,2024-03-16,5,3775
71,17,17,2024-11-15,3,2025
72,163,75,2024-12-30,5,5930
73,84,49,2024-09-28,5,2525
74,76,59,2024-11-05,5,2570
75,111,13,2024-12-01,1,1039
76,167,99,2024-04-20,5,3140
77,111,58,2024-07-30,2,2006
78,87,59,2024-07-31,4,2056
79,187,13,2024-08-06,3,3117
80,81,86,2024-07-10,3,2562
81,40,88,2024-02-04,4,2228
82,24,11,2024-08-09,1,974
83,25,96,2024-03-07,3,600
84,143,8,2024-10-14,5,1770
85,144,43,2024-07-29,1,1035
86,91,86,2024-01-27,4,3416
87,74,77,2024-06-29,3,312
88,27,74,2024-04-18,5,2005
89,40,85,2024-04-24,4,184
90,28,45,2024-07-07,5,2805
91,30,98,2024-10-20,3,2769
92,58,55,2024-11-14,5,1650
93,158,87,2024-01-14,5,840
94,156,85,2024-01-15,3,138
95,47,35,2024-06-22,3,585
96,90,1,2024-03-14,2,320
97,145,85,2024-02-05,4,184
98,37,95,2024-02-16,1,603
99,192,68,2024-07-11,2,2034
100,108,59,2024-03-21,3,1542
101,95,40,2024-10-17,3,2583
102,153,11,2024-03-20,1,974
103,41,97,2024-01-26,5,1080
104,173,11,2024-08-14,3,2922
105,170,55,2024-11-06,4,1320
106,114,54,2024-04-20,3,2880
107,194,66,2024-06-25,1,20
108,111,15,2024-12-13,3,537
109,174,76,2024-09-26,4,1972
110,171,40,2024-04-22,1,861
111,102,77,2024-01-04,1,104
112,53,39,2024-03-11,2,2252
113,196,33,2024-06-16,3,2505
114,31,1,2024-08-08,4,640
115,45,17,2024-09-29,4,2700
116,181,30,2024-10-13,5,1145
117,172,46,2024-07-22,1,283
118,190,6,2024-01-10,4,2236
119,118,10,2024-10-21,3,2742
120,110,74,2024-12-29,4,1604
121,164,54,2024-02-28,3,2880
122,104,3,2024-03-28,3,1260
123,159,59,2024-02-15,3,1542
124,112,14,2024-08-11,2,2052
125,151,52,2024-02-10,5,4250
126,102,40,2024-04-23,3,2583
127,86,100,2024-02-09,2,218
128,131,82,2024-09-28,1,694
129,131,25,2024-06-28,3,1752
130,187,83,2024-04-30,2,1832
131,27,19,2024-04-11,3,606
132,45,78,2024-12-01,2,1966
133,20,23,2024-08-25,4,1492
134,194,73,2024-08-17,5,4735
135,175,73,2024-06-14,5,4735
136,161,41,2024-08-13,2,798
137,18,61,2024-11-19,4,3200
138,78,36,2024-01-29,5,2655
139,91,65,2024-06-07,1,1054
140,119,58,2024-01-30,1,1003
141,95,37,2024-11-26,1,252
142,24,79,2024-09-16,5,4025
143,99,60,2024-10-10,5,5715
144,190,6,2024-10-19,4,2236
145,167,25,2024-11-05,3,1752
146,122,65,2024-02-01,2,2108
147,116,14,2024-12-31,3,3078
148,22,65,2024-01-21,2,2108
149,64,91,2024-08-12,4,3172
150,135,67,2024-03-22,5,3130
151,94,48,2024-07-17,3,789
152,105,100,2024-12-13,3,327
153,154,7,2024-02-03,3,483
154,85,13,2024-12-13,5,5195
155,99,37,2024-12-02,3,756
156,155,20,2024-02-11,3,3579
157,150,85,2024-06-28,2,92
158,80,84,2024-03-07,4,4368
159,153,91,2024-06-07,1,793
160,144,49,2024-03-06,3,1515
161,172,90,2024-02-17,5,3435
162,166,86,2024-09-17,4,3416
163,93,3,2024-06-07,3,1260
164,47,28,2024-09-05,3,2181
165,50,29,2024-03-20,2,1394
166,20,38,2024-09-16,1,1068
167,198,70,2024-01-20,5,5030
168,170,44,2024-03-08,5,600
169,153,49,2024-03-24,2,1010
170,47,89,2024-03-25,5,4145
171,185,57,2024-07-29,1,574
172,94,87,2024-08-15,2,336
173,157,37,2024-04-29,4,1008
174,137,31,2024-08-28,3,2070
175,50,48,2024-08-13,5,1315
176,119,99,2024-07-14,3,1884
177,129,68,2024-03-23,4,4068
178,52,78,2024-05-08,2,1966
179,14,83,2024-07-09,4,3664
180,142,14,2024-03-04,5,5130
181,73,11,2024-05-19,2,1948
182,116,66,2024-08-11,2,40
183,24,29,2024-06-27,4,2788
184,7,54,2024-07-21,1,960
185,129,48,2024-07-16,2,526
186,21,48,2024-01-15,2,526
187,82,13,2024-03-15,3,3117
188,36,5,2024-08-29,3,1425
189,179,18,2024-08-17,4,2108
190,158,1,2024-01-10,1,160
191,66,28,2024-10-07,2,1454
192,187,78,2024-08-04,5,4915
193,29,100,2024-05-01,3,327
194,78,16,2024-05-02,1,96
195,108,82,2024-08-22,5,3470
196,17,15,2024-11-01,4,716
197,138,3,2024-10-21,5,2100
198,62,92,2024-05-29,2,2028
199,110,1,2024-06-29,5,800
200,62,74,2024-04-05,4,1604
201,171,86,2024-09-25,1,854
202,93,9,2024-10-05,5,5900
203,130,65,2024-01-11,5,5270
204,100,61,2024-11-21,1,800
205,100,48,2024-01-09,3,789
206,92,9,2024-05-03,3,3540
207,188,85,2024-10-24,1,46
208,189,97,2024-03-09,3,648
209,12,46,2024-06-22,5,1415
210,165,23,2024-12-22,4,1492
211,123,81,2024-03-10,2,546
212,17,92,2024-01-19,4,4056
213,76,26,2024-04-12,1,907
214,11,41,2024-09-20,3,1197
215,102,70,2024-05-09,4,4024
216,10,97,2024-05-26,2,432
217,92,100,2024-12-01,1,109
218,85,35,2024-07-07,1,195
219,112,52,2024-07-16,4,3400
220,87,24,2024-12-20,4,4308
221,128,48,2024-05-16,5,1315
222,22,94,2024-02-10,4,620
223,111,78,2024-10-06,2,1966
224,76,42,2024-02-10,1,755
225,84,85,2024-06-05,3,138
226,115,78,2024-03-26,4,3932
227,177,57,2024-08-16,3,1722
228,11,94,2024-11-10,3,465
229,112,36,2024-02-08,1,531
230,172,82,2024-07-05,4,2776
231,132,96,2024-01-16,2,400
232,37,78,2024-01-18,4,3932
233,33,9,2024-11-26,2,2360
234,94,47,2024-10-17,4,3648
235,9,78,2024-12-13,2,1966
236,116,48,2024-08-15,3,789
237,196,10,2024-03-11,5,4570
238,136,47,2024-06-09,4,3648
239,167,36,2024-02-28,2,1062
240,7,95,2024-09-12,2,1206
241,133,50,2024-03-01,5,3255
242,68,100,2024-12-26,3,327
243,115,28,2024-05-26,5,3635
244,178,63,2024-03-03,2,314
245,35,10,2024-03-29,4,3656
246,183,57,2024-12-15,1,574
247,82,86,2024-12-29,3,2562
248,17,71,2024-05-28,5,3475
249,77,21,2024-07-04,2,114
250,131,29,2024-04-12,1,697
251,36,31,2024-01-14,4,2760
252,93,71,2024-07-07,5,3475
253,120,71,2024-11-09,2,1390
254,23,9,2024-07-22,3,3540
255,184,93,2024-09-26,4,352
256,106,99,2024-10-21,4,2512
257,19,17,2024-11-24,3,2025
258,19,58,2024-12-14,4,4012
259,133,45,2024-10-09,2,1122
260,164,76,2024-03-07,2,986
261,111,65,2024-03-04,1,1054
262,133,20,2024-03-25,3,3579
263,42,42,2024-06-26,2,1510
264,133,37,2024-05-08,1,252
265,51,82,2024-05-20,5,3470
266,33,81,2024-11-10,3,819
267,137,12,2024-11-24,5,4195
268,44,76,2024-03-19,5,2465
269,44,85,2024-11-05,5,230
270,87,73,2024-01-15,1,947
271,21,6,2024-05-15,5,2795
272,167,27,2024-08-01,5,1005
273,159,82,2024-09-11,1,694
274,161,70,2024-11-24,3,3018
275,78,62,2024-12-16,2,2110
276,104,39,2024-02-07,4,4504
277,177,8,2024-08-13,2,708
278,107,62,2024-04-14,4,4220
279,88,78,2024-06-09,2,1966
280,184,41,2024-07-23,3,1197
281,34,98,2024-09-20,3,2769
282,144,14,2024-05-03,3,3078
283,120,16,2024-08-18,3,288
284,64,19,2024-01-26,1,202
285,75,50,2024-08-02,5,3255
286,64,21,2024-10-22,3,171
287,185,41,2024-03-22,2,798
288,128,66,2024-09-12,4,80
289,79,64,2024-02-16,1,864
290,101,65,2024-05-03,4,4216
291,56,75,2024-01-25,3,3558
292,13,37,2024-11-01,4,1008
293,168,87,2024-05-26,4,672
294,138,2,2024-08-08,1,556
295,35,34,2024-07-25,3,270
296,94,6,2024-01-27,4,2236
297,146,72,2024-07-04,2,2254
298,142,37,2024-07-16,1,252
299,130,58,2024-05-23,5,5015
300,160,88,2024-03-01,5,2785
301,33,13,2024-07-10,4,4156
302,87,72,2024-03-14,3,3381
303,51,78,2024-07-24,5,4915
304,129,6,2024-01-20,1,559
305,36,92,2024-08-30,3,3042
306,133,59,2024-11-06,2,1028
307,132,18,2024-11-09,3,1581
308,82,21,2024-11-11,4,228
309,190,39,2024-06-21,5,5630
310,130,66,2024-09-07,5,100
311,182,73,2024-08-31,3,2841
312,5,48,2024-12-10,3,789
313,29,54,2024-06-06,5,4800
314,186,89,2024-11-01,1,829
315,122,34,2024-10-22,5,450
316,59,93,2024-10-25,1,88
317,123,22,2024-11-18,5,5975
318,185,80,2024-03-16,4,4116
319,175,32,2024-10-20,1,1029
320,180,15,2024-01-10,2,358
321,113,41,2024-03-18,4,1596
322,106,89,2024-07-29,2,1658
323,129,100,2024-08-29,5,545
324,189,94,2024-12-27,1,155
325,36,67,2024-10-14,2,1252
326,84,85,2024-09-26,4,184
327,97,41,2024-08-23,2,798
328,137,44,2024-06-30,5,600
329,174,99,2024-11-08,3,1884
330,124,25,2024-05-22,2,1168
331,143,39,2024-06-01,2,2252
332,198,37,2024-12-19,2,504
333,181,63,2024-09-02,3,471
334,90,72,2024-05-27,3,3381
335,32,74,2024-07-13,5,2005
336,102,45,2024-05-28,2,1122
337,11,37,2024-06-26,1,252
338,114,84,2024-09-02,3,3276
339,55,26,2024-05-18,5,4535
340,144,90,2024-03-11,3,2061
341,28,79,2024-05-02,5,4025
342,63,7,2024-04-25,5,805
343,164,30,2024-02-21,1,229
344,106,43,2024-02-21,4,4140
345,175,99,2024-01-03,2,1256
346,141,21,2024-11-30,4,228
347,122,62,2024-05-27,2,2110
348,83,37,2024-02-15,1,252
349,167,74,2024-09-30,2,802
350,190,93,2024-03-30,1,88
351,107,23,2024-07-22,1,373
352,127,24,2024-01-20,3,3231
353,3,39,2024-11-04,5,5630
354,28,43,2024-08-20,3,3105
355,165,70,2024-09-09,5,5030
356,35,65,2024-05-19,4,4216
357,50,15,2024-03-24,3,537
358,188,59,2024-04-05,3,1542
359,4,95,2024-05-31,3,1809
360,146,87,2024-03-30,2,336
361,157,82,2024-08-06,4,2776
362,132,42,2024-07-24,1,755
363,172,13,2024-03-12,2,2078
364,123,42,2024-01-04,2,1510
365,67,50,2024-08-16,2,1302
366,193,35,2024-06-03,3,585
367,150,93,2024-01-06,5,440
368,67,84,2024-12-20,3,3276
369,61,8,2024-08-26,1,354
370,79,21,2024-12-17,4,228
371,129,91,2024-12-19,3,2379
372,31,82,2024-07-07,3,2082
373,158,29,2024-03-09,2,1394
374,123,20,2024-11-06,4,4772
375,96,54,2024-08-29,5,4800
376,194,69,2024-05-06,2,1858
377,175,97,2024-02-11,5,1080
378,135,58,2024-12-26,5,5015
379,93,10,2024-02-27,5,4570
380,16,71,2024-04-13,5,3475
381,147,69,2024-03-25,2,1858
382,84,67,2024-02-29,4,2504
383,175,27,2024-09-07,5,1005
384,24,66,2024-01-29,4,80
385,117,17,2024-07-31,5,3375
386,117,73,2024-10-13,1,947
387,119,87,2024-01-12,3,504
388,102,33,2024-04-21,1,835
389,149,10,2024-08-04,1,914
390,89,90,2024-10-04,1,687
391,16,9,2024-01-17,4,4720
392,74,53,2024-03-10,2,950
393,197,83,2024-07-10,4,3664
394,98,58,2024-07-11,4,4012
395,21,88,2024-03-09,5,2785
396,168,45,2024-04-01,1,561
397,138,51,2024-03-06,5,215
398,187,29,2024-01-12,1,697
399,77,60,2024-08-05,5,5715
400,137,49,2024-05-06,2,1010
401,118,45,2024-05-21,2,1122
402,49,93,2024-01-17,1,88
403,170,54,2024-01-09,5,4800
404,62,27,2024-02-21,1,201
405,153,5,2024-11-02,4,1900
406,173,91,2024-05-05,1,793
407,190,6,2024-08-12,4,2236
408,60,70,2024-01-29,2,2012
409,36,65,2024-04-29,3,3162
410,188,74,2024-10-22,3,1203
411,154,99,2024-05-01,3,1884
412,78,19,2024-04-23,5,1010
413,106,39,2024-02-01,3,3378
414,143,76,2024-11-16,2,986
415,174,55,2024-09-10,5,1650
416,13,45,2024-09-25,4,2244
417,82,90,2024-07-28,4,2748
418,39,39,2024-04-04,4,4504
419,194,69,2024-05-03,4,3716
420,58,39,2024-08-25,2,2252
421,15,72,2024-08-01,4,4508
422,143,68,2024-07-17,2,2034
423,63,33,2024-06-18,2,1670
424,166,11,2024-07-08,4,3896
425,24,69,2024-01-27,2,1858
426,69,49,2024-11-04,5,2525
427,11,10,2024-10-27,2,1828
428,186,86,2024-04-21,5,4270
429,123,27,2024-06-04,3,603
430,4,28,2024-03-01,2,1454
431,192,97,2024-05-04,4,864
432,179,78,2024-07-22,2,1966
433,62,71,2024-05-24,3,2085
434,98,60,2024-11-28,5,5715
435,92,40,2024-07-03,3,2583
436,132,64,2024-02-20,4,3456
437,185,61,2024-04-14,3,2400
438,95,41,2024-01-24,4,1596
439,145,29,2024-01-09,2,1394
440,67,71,2024-10-23,5,3475
441,185,54,2024-03-19,3,2880
442,51,43,2024-07-13,2,2070
443,146,32,2024-10-08,4,4116
444,168,88,2024-05-11,3,1671
445,196,63,2024-08-23,4,628
446,44,94,2024-03-27,3,465
447,36,93,2024-09-07,5,440
448,48,70,2024-09-25,1,1006
449,9,10,2024-01-04,1,914
450,106,18,2024-02-04,2,1054
451,182,20,2024-04-21,1,1193
452,130,59,2024-01-31,3,1542
453,159,82,2024-09-04,5,3470
454,169,63,2024-01-04,1,157
455,137,71,2024-01-07,4,2780
456,5,68,2024-10-01,3,3051
457,74,3,2024-12-23,5,2100
458,173,56,2024-02-24,2,1224
459,25,68,2024-05-03,2,2034
460,50,80,2024-05-09,5,5145
461,91,35,2024-02-10,4,780
462,96,52,2024-10-16,4,3400
463,63,90,2024-06-02,2,1374
464,176,11,2024-02-17,1,974
465,104,49,2024-10-09,4,2020
466,122,8,2024-12-25,1,354
467,44,11,2024-08-10,4,3896
468,166,43,2024-02-18,5,5175
469,136,6,2024-04-18,2,1118
470,178,73,2024-05-18,4,3788
471,12,10,2024-10-05,3,2742
472,145,85,2024-04-01,1,46
473,81,3,2024-10-27,2,840
474,37,97,2024-02-09,4,864
475,77,21,2024-05-03,5,285
476,146,50,2024-06-18,5,3255
477,99,97,2024-12-18,2,432
478,186,11,2024-06-26,5,4870
479,14,13,2024-04-28,4,4156
480,20,44,2024-11-10,5,600
481,153,51,2024-01-16,3,129
482,163,35,2024-09-08,4,780
483,59,46,2024-07-11,5,1415
484,111,24,2024-12-04,5,5385
485,98,11,2024-05-31,5,4870
486,64,92,2024-02-12,1,1014
487,69,20,2024-12-30,4,4772
488,163,20,2024-06-11,4,4772
489,93,14,2024-01-03,1,1026
490,79,57,2024-05-18,3,1722
491,27,17,2024-04-05,1,675
492,111,58,2024-10-11,5,5015
493,132,53,2024-01-14,1,475
494,23,46,2024-02-17,5,1415
495,153,77,2024-07-16,3,312
496,4,38,2024-07-17,4,4272
497,200,11,2024-05-04,5,4870
498,147,67,2024-12-16,2,1252
499,98,22,2024-05-17,2,2390
500,78,35,2024-03-15,4,780
501,17,22,2024-05-21,4,4780
502,108,39,2024-02-09,4,4504
503,93,33,2024-11-16,2,1670
504,127,77,2024-04-10,5,520
505,118,14,2024-06-04,2,2052
506,2,51,2024-11-13,3,129
507,98,43,2024-06-20,4,4140
508,111,84,2024-03-10,5,5460
509,77,42,2024-12-21,5,3775
510,52,62,2024-03-31,3,3165
511,102,41,2024-12-21,3,1197
512,163,63,2024-05-04,5,785
513,84,49,2024-07-20,3,1515
514,94,15,2024-04-12,5,895
515,152,70,2024-12-15,2,2012
516,197,71,2024-08-24,1,695
517,182,27,2024-05-29,4,804
518,178,9,2024-12-10,4,4720
519,128,18,2024-05-03,3,1581
520,65,85,2024-08-04,2,92
521,97,10,2024-11-02,4,3656
522,123,75,2024-09-30,4,4744
523,130,89,2024-10-05,4,3316
524,10,47,2024-10-31,5,4560
525,164,11,2024-05-07,1,974
526,169,86,2024-03-26,3,2562
527,166,79,2024-10-15,1,805
528,166,87,2024-06-18,4,672
529,111,14,2024-02-20,1,1026
530,67,29,2024-09-22,5,3485
531,143,75,2024-04-23,5,5930
532,115,48,2024-08-25,4,1052
533,198,87,2024-12-19,5,840
534,129,20,2024-01-13,3,3579
535,124,14,2024-07-31,3,3078
536,22,15,2024-06-27,2,358
537,80,44,2024-04-15,4,480
538,134,62,2024-08-31,3,3165
539,25,57,2024-06-12,4,2296
540,18,39,2024-12-29,1,1126
541,30,3,2024-11-27,3,1260
542,28,87,2024-05-04,2,336
543,133,23,2024-03-22,5,1865
544,85,72,2024-08-24,4,4508
545,60,52,2024-04-05,2,1700
546,164,85,2024-07-21,4,184
547,8,95,2024-04-11,5,3015
548,116,76,2024-07-18,4,1972
549,2,91,2024-04-15,2,1586
550,72,97,2024-10-22,1,216
551,27,69,2024-07-06,2,1858
552,84,26,2024-02-28,4,3628
553,68,86,2024-09-27,4,3416
554,164,41,2024-07-17,5,1995
555,157,51,2024-02-28,5,215
556,90,46,2024-11-12,4,1132
557,45,87,2024-11-10,3,504
558,152,11,2024-06-09,2,1948
559,31,31,2024-02-29,3,2070
560,47,48,2024-09-18,2,526
561,100,54,2024-03-11,5,4800
562,148,50,2024-04-05,4,2604
563,125,82,2024-12-21,5,3470
564,166,23,2024-03-26,5,1865
565,126,37,2024-04-05,2,504
566,81,58,2024-01-28,5,5015
567,92,2,2024-03-10,4,2224
568,50,50,2024-09-15,5,3255
569,168,64,2024-12-16,4,3456
570,126,54,2024-09-07,4,3840
571,43,11,2024-01-16,5,4870
572,195,29,2024-01-17,3,2091
573,71,29,2024-05-27,5,3485
574,44,100,2024-10-16,4,436
575,191,99,2024-10-08,4,2512
576,131,15,2024-02-28,5,895
577,69,100,2024-07-06,5,545
578,139,97,2024-08-13,1,216
579,140,28,2024-02-22,4,2908
580,189,84,2024-06-01,2,2184
581,9,58,2024-06-27,3,3009
582,23,57,2024-05-01,1,574
583,54,95,2024-12-18,5,3015
584,90,91,2024-11-19,5,3965
585,110,22,2024-03-12,5,5975
586,53,27,2024-10-18,1,201
587,90,69,2024-11-01,3,2787
588,138,22,2024-12-26,3,3585
589,75,38,2024-05-16,5,5340
590,132,87,2024-03-10,1,168
591,193,53,2024-05-21,1,475
592,168,17,2024-05-07,2,1350
593,38,92,2024-05-06,3,3042
594,195,87,2024-09-07,4,672
595,37,74,2024-11-17,3,1203
596,107,49,2024-02-08,4,2020
597,163,99,2024-07-25,1,628
598,132,96,2024-12-21,3,600
599,95,59,2024-06-16,4,2056
600,149,1,2024-08-22,1,160
601,163,86,2024-02-02,3,2562
602,137,51,2024-08-07,2,86
603,55,64,2024-06-14,3,2592
604,73,44,2024-10-22,5,600
605,34,73,2024-06-24,4,3788
606,175,98,2024-01-24,1,923
607,26,81,2024-01-09,4,1092
608,32,21,2024-08-21,4,228
609,1,55,2024-12-18,2,660
610,34,84,2024-03-22,3,3276
611,71,12,2024-05-08,3,2517
612,22,48,2024-01-27,2,526
613,102,81,2024-12-24,3,819
614,194,30,2024-12-01,4,916
615,24,91,2024-01-01,1,793
616,55,62,2024-03-08,1,1055
617,152,29,2024-12-14,5,3485
618,114,2,2024-12-22,1,556
619,88,16,2024-12-21,4,384
620,34,62,2024-04-27,1,1055
621,99,12,2024-02-22,1,839
622,81,48,2024-03-11,3,789
623,98,100,2024-11-24,2,218
624,174,19,2024-09-28,1,202
625,145,2,2024-11-28,5,2780
626,43,57,2024-04-19,3,1722
627,161,96,2024-07-29,2,400
628,158,88,2024-04-21,4,2228
629,23,13,2024-03-04,2,2078
630,151,94,2024-06-28,4,620
631,110,41,2024-05-06,2,798
632,71,83,2024-05-07,1,916
633,142,77,2024-11-07,5,520
634,73,100,2024-12-03,1,109
635,78,27,2024-11-06,5,1005
636,131,25,2024-05-31,4,2336
637,166,7,2024-09-10,2,322
638,99,15,2024-09-12,2,358
639,164,77,2024-09-27,1,104
640,4,47,2024-03-08,3,2736
641,100,73,2024-07-06,4,3788
642,140,88,2024-08-29,2,1114
643,198,10,2024-10-27,1,914
644,18,2,2024-04-20,3,1668
645,11,8,2024-09-16,4,1416
646,74,81,2024-07-31,5,1365
647,109,90,2024-02-12,4,2748
648,164,69,2024-11-11,5,4645
649,40,36,2024-06-07,1,531
650,21,66,2024-03-20,2,40
651,138,42,2024-10-27,4,3020
652,163,98,2024-06-07,1,923
653,179,56,2024-01-30,2,1224
654,63,12,2024-02-29,4,3356
655,117,79,2024-01-29,5,4025
656,80,86,2024-03-02,2,1708
657,4,91,2024-12-25,2,1586
658,3,21,2024-06-26,4,228
659,134,67,2024-03-26,3,1878
660,96,17,2024-03-01,3,2025
661,198,4,2024-08-07,3,750
662,70,68,2024-05-14,1,1017
663,183,74,2024-09-11,1,401
664,117,66,2024-01-29,3,60
665,128,73,2024-07-07,2,1894
666,41,33,2024-10-20,1,835
667,173,93,2024-04-26,1,88
668,190,66,2024-01-23,1,20
669,4,32,2024-08-29,1,1029
670,94,50,2024-04-01,2,1302
671,10,71,2024-04-24,4,2780
672,83,32,2024-06-12,4,4116
673,70,10,2024-07-09,5,4570
674,31,65,2024-04-01,1,1054
675,58,67,2024-07-24,1,626
676,18,60,2024-06-08,3,3429
677,84,12,2024-08-21,5,4195
678,3,48,2024-05-29,2,526
679,145,39,2024-05-04,5,5630
680,119,48,2024-09-09,5,1315
681,198,100,2024-10-06,2,218
682,195,32,2024-01-04,2,2058
683,105,4,2024-10-04,2,500
684,89,82,2024-06-20,1,694
685,1,98,2024-06-06,4,3692
686,27,27,2024-05-01,5,1005
687,108,63,2024-03-13,1,157
688,183,36,2024-01-23,1,531
689,60,67,2024-12-24,4,2504
690,96,59,2024-10-24,1,514
691,25,65,2024-11-22,2,2108
692,101,10,2024-10-17,5,4570
693,16,56,2024-05-01,2,1224
694,75,34,2024-07-20,3,270
695,180,95,2024-06-11,3,1809
696,116,35,2024-02-08,2,390
697,52,18,2024-02-25,5,2635
698,40,14,2024-08-18,2,2052
699,120,41,2024-03-02,4,1596
700,138,46,2024-08-19,2,566
701,79,60,2024-03-02,3,3429
702,24,21,2024-12-26,3,171
703,179,78,2024-04-20,1,983
704,84,19,2024-12-30,1,202
705,64,46,2024-09-19,4,1132
706,13,87,2024-05-13,3,504
707,45,4,2024-08-19,4,1000
708,143,96,2024-05-07,5,1000
709,25,60,2024-03-12,1,1143
710,32,2,2024-04-23,1,556
711,34,26,2024-07-09,4,3628
712,176,81,2024-10-25,1,273
713,151,34,2024-01-12,1,90
714,17,26,2024-03-06,4,3628
715,24,43,2024-01-22,1,1035
716,119,7,2024-10-20,2,322
717,111,93,2024-09-11,4,352
718,8,49,2024-03-29,4,2020
719,91,28,2024-05-20,2,1454
720,72,58,2024-01-18,2,2006
721,158,80,2024-05-05,5,5145
722,166,38,2024-07-29,4,4272
723,141,62,2024-02-14,1,1055
724,72,50,2024-08-02,2,1302
725,52,83,2024-05-07,5,4580
726,162,70,2024-07-14,1,1006
727,183,46,2024-10-05,4,1132
728,125,45,2024-09-14,5,2805
729,83,50,2024-04-02,3,1953
730,7,41,2024-04-22,5,1995
731,8,100,2024-01-30,3,327
732,121,68,2024-10-26,3,3051
733,60,21,2024-05-06,1,57
734,169,31,2024-09-30,3,2070
735,189,8,2024-10-21,2,708
736,100,46,2024-03-31,2,566
737,61,76,2024-12-23,3,1479
738,92,76,2024-12-26,1,493
739,180,46,2024-10-15,5,1415
740,37,73,2024-09-09,2,1894
741,139,40,2024-09-08,2,1722
742,10,12,2024-04-29,1,839
743,155,29,2024-09-26,1,697
744,123,1,2024-11-10,3,480
745,52,17,2024-03-31,3,2025
746,83,8,2024-03-16,1,354
747,151,91,2024-02-26,2,1586
748,135,47,2024-07-10,1,912
749,181,85,2024-10-27,4,184
750,26,44,2024-06-14,3,360
751,35,21,2024-11-23,4,228
752,125,84,2024-03-30,3,3276
753,182,72,2024-07-01,5,5635
754,58,86,2024-03-30,5,4270
755,97,40,2024-03-06,3,2583
756,46,94,2024-12-25,1,155
757,147,51,2024-01-17,5,215
758,47,78,2024-11-09,3,2949
759,57,82,2024-02-23,5,3470
760,128,19,2024-02-09,3,606
761,61,45,2024-03-26,3,1683
762,163,12,2024-08-16,3,2517
763,3,34,2024-05-07,2,180
764,178,9,2024-05-11,3,3540
765,28,93,2024-01-25,1,88
766,99,57,2024-03-26,4,2296
767,106,64,2024-06-28,4,3456
768,140,49,2024-09-02,1,505
769,148,84,2024-03-24,2,2184
770,116,10,2024-05-30,1,914
771,6,41,2024-02-23,3,1197
772,19,44,2024-07-11,2,240
773,42,94,2024-10-07,1,155
774,24,44,2024-11-10,5,600
775,124,91,2024-08-08,1,793
776,168,22,2024-08-10,5,5975
777,41,7,2024-06-18,1,161
778,53,25,2024-12-22,4,2336
779,142,93,2024-05-15,5,440
780,170,37,2024-05-01,3,756
781,25,7,2024-10-19,4,644
782,141,63,2024-01-28,2,314
783,93,1,2024-02-14,4,640
784,76,85,2024-09-02,5,230
785,52,13,2024-04-15,1,1039
786,44,82,2024-02-11,3,2082
787,122,15,2024-07-22,3,537
788,121,63,2024-02-16,3,471
789,165,70,2024-04-04,4,4024
790,95,49,2024-04-05,3,1515
791,115,6,2024-08-13,3,1677
792,120,34,2024-05-17,2,180
793,145,8,2024-12-22,2,708
794,171,13,2024-12-08,1,1039
795,89,70,2024-10-28,4,4024
796,59,71,2024-07-17,1,695
797,134,54,2024-12-17,5,4800
798,122,74,2024-08-31,2,802
799,77,11,2024-12-31,4,3896
800,9,65,2024-09-21,5,5270
801,147,87,2024-03-16,5,840
802,31,97,2024-03-29,4,864
803,43,28,2024-03-05,2,1454
804,11,55,2024-12-15,1,330
805,112,26,2024-10-31,2,1814
806,67,41,2024-02-14,1,399
807,100,72,2024-10-09,4,4508
808,84,36,2024-08-22,5,2655
809,4,90,2024-10-27,5,3435
810,134,54,2024-07-31,1,960
811,39,19,2024-10-28,5,1010
812,150,98,2024-02-24,1,923
813,145,100,2024-05-26,1,109
814,138,45,2024-05-15,4,2244
815,99,84,2024-10-19,4,4368
816,156,61,2024-03-29,1,800
817,71,52,2024-11-12,2,1700
818,156,88,2024-01-20,4,2228
819,102,43,2024-01-26,2,2070
820,191,61,2024-07-09,3,2400
821,6,44,2024-06-08,3,360
822,72,63,2024-04-26,1,157
823,35,39,2024-06-13,4,4504
824,69,94,2024-11-05,4,620
825,166,12,2024-08-14,2,1678
826,55,53,2024-09-21,4,1900
827,96,8,2024-03-22,5,1770
828,17,40,2024-07-25,5,4305
829,35,100,2024-10-18,5,545
830,8,23,2024-04-12,2,746
831,15,32,2024-08-21,1,1029
832,13,47,2024-05-20,2,1824
833,95,60,2024-07-22,5,5715
834,163,16,2024-05-03,1,96
835,96,63,2024-08-16,5,785
836,46,61,2024-10-09,5,4000
837,90,45,2024-05-12,2,1122
838,192,89,2024-05-25,1,829
839,8,50,2024-03-24,1,651
840,147,100,2024-04-23,2,218
841,166,29,2024-05-17,2,1394
842,167,53,2024-01-11,5,2375
843,200,99,2024-08-30,1,628
844,34,83,2024-11-03,2,1832
845,3,29,2024-11-07,3,2091
846,79,92,2024-08-04,3,3042
847,97,45,2024-05-09,4,2244
848,56,60,2024-12-12,3,3429
849,134,80,2024-10-26,4,4116
850,27,1,2024-12-05,5,800
851,96,72,2024-11-07,5,5635
852,73,39,2024-09-03,1,1126
853,17,44,2024-11-23,3,360
854,84,36,2024-12-01,3,1593
855,183,84,2024-04-06,3,3276
856,39,67,2024-01-30,2,1252
857,154,52,2024-12-14,3,2550
858,36,93,2024-12-01,1,88
859,128,38,2024-08-02,3,3204
860,104,50,2024-10-25,1,651
861,182,74,2024-06-24,2,802
862,186,92,2024-12-17,2,2028
863,137,82,2024-12-09,4,2776
864,92,65,2024-03-28,3,3162
865,169,72,2024-05-30,2,2254
866,25,61,2024-05-12,2,1600
867,186,72,2024-12-14,2,2254
868,86,84,2024-04-23,1,1092
869,91,29,2024-08-03,3,2091
870,85,48,2024-10-26,3,789
871,76,60,2024-08-28,1,1143
872,14,82,2024-10-24,5,3470
873,159,10,2024-04-09,4,3656
874,129,16,2024-09-28,4,384
875,77,53,2024-03-18,1,475
876,36,26,2024-07-28,3,2721
877,146,59,2024-06-10,2,1028
878,184,24,2024-09-06,1,1077
879,86,81,2024-06-09,2,546
880,163,8,2024-08-19,1,354
881,71,27,2024-10-22,2,402
882,196,21,2024-02-15,4,228
883,34,79,2024-11-20,4,3220
884,110,52,2024-09-01,4,3400
885,99,1,2024-09-30,1,160
886,52,94,2024-01-08,3,465
887,83,97,2024-04-07,5,1080
888,5,87,2024-11-16,1,168
889,188,32,2024-12-21,2,2058
890,89,40,2024-02-22,2,1722
891,99,65,2024-06-05,5,5270
892,43,9,2024-06-01,1,1180
893,75,59,2024-11-01,5,2570
894,135,44,2024-12-17,4,480
895,35,44,2024-07-02,4,480
896,193,25,2024-07-25,2,1168
897,5,30,2024-03-08,2,458
898,55,94,2024-10-28,1,155
899,130,22,2024-07-06,1,1195
900,183,84,2024-07-11,1,1092
901,164,33,2024-11-15,5,4175
902,13,77,2024-12-04,1,104
903,28,84,2024-01-25,1,1092
904,177,15,2024-08-15,4,716
905,98,16,2024-05-09,5,480
906,122,90,2024-04-15,2,1374
907,178,88,2024-06-03,1,557
908,108,85,2024-12-05,1,46
909,134,35,2024-11-06,5,975
910,180,18,2024-02-23,4,2108
911,131,93,2024-03-01,5,440
912,73,15,2024-09-11,1,179
913,51,78,2024-05-14,2,1966
914,134,26,2024-12-26,3,2721
915,105,38,2024-01-21,2,2136
916,141,64,2024-12-18,2,1728
917,124,43,2024-01-02,2,2070
918,4,86,2024-02-26,1,854
919,147,86,2024-03-17,4,3416
920,24,100,2024-02-08,5,545
921,186,93,2024-05-11,1,88
922,165,30,2024-05-31,4,916
923,68,60,2024-02-21,1,1143
924,45,6,2024-07-03,3,1677
925,174,41,2024-02-29,4,1596
926,25,98,2024-01-05,1,923
927,36,85,2024-06-17,2,92
928,92,57,2024-05-17,5,2870
929,188,12,2024-06-24,3,2517
930,47,15,2024-07-23,4,716
931,117,35,2024-12-19,4,780
932,123,54,2024-02-27,2,1920
933,34,90,2024-03-22,1,687
934,27,54,2024-09-04,5,4800
935,146,87,2024-04-02,4,672
936,157,49,2024-11-09,3,1515
937,8,88,2024-09-04,2,1114
938,125,15,2024-08-13,4,716
939,12,9,2024-12-01,3,3540
940,81,2,2024-10-22,5,2780
941,186,73,2024-12-08,2,1894
942,87,67,2024-12-18,5,3130
943,180,80,2024-08-09,1,1029
944,170,94,2024-09-03,2,310
945,89,85,2024-03-17,4,184
946,143,79,2024-01-06,1,805
947,165,21,2024-08-28,5,285
948,127,22,2024-09-08,1,1195
949,83,31,2024-05-22,3,2070
950,13,65,2024-10-08,2,2108
951,165,49,2024-04-30,4,2020
952,21,59,2024-10-20,4,2056
953,115,12,2024-08-16,4,3356
954,81,16,2024-11-30,4,384
955,5,14,2024-07-30,4,4104
956,10,72,2024-01-01,5,5635
957,24,78,2024-11-22,5,4915
958,78,66,2024-04-15,5,100
959,168,86,2024-06-23,4,3416
960,94,7,2024-08-20,2,322
961,85,72,2024-11-03,5,5635
962,122,92,2024-08-19,3,3042
963,30,13,2024-01-02,2,2078
964,88,46,2024-10-07,3,849
965,134,48,2024-01-24,1,263
966,43,64,2024-07-28,2,1728
967,28,33,2024-04-10,5,4175
968,49,16,2024-04-20,4,384
969,118,25,2024-02-25,3,1752
970,194,54,2024-11-20,1,960
971,173,76,2024-08-18,1,493
972,118,85,2024-09-15,5,230
973,35,64,2024-09-28,1,864
974,189,7,2024-08-09,5,805
975,150,62,2024-03-31,5,5275
976,178,75,2024-03-06,2,2372
977,27,50,2024-11-06,5,3255
978,83,65,2024-08-02,4,4216
979,156,89,2024-05-20,2,1658
980,102,44,2024-08-19,3,360
981,35,18,2024-11-04,4,2108
982,180,96,2024-06-02,5,1000
983,180,71,2024-12-30,3,2085
984,189,71,2024-04-12,2,1390
985,54,80,2024-12-17,3,3087
986,89,87,2024-12-29,2,336
987,167,23,2024-10-04,5,1865
988,178,82,2024-12-29,3,2082
989,30,98,2024-10-14,3,2769
990,123,75,2024-12-07,5,5930
991,182,54,2024-05-26,5,4800
992,109,2,2024-02-24,5,2780
993,7,49,2024-01-28,2,1010
994,172,8,2024-05-16,2,708
995,193,21,2024-12-15,3,171
996,65,19,2024-12-19,1,202
997,76,27,2024-01-17,5,1005
998,92,58,2024-11-11,1,1003
999,173,95,2024-04-24,5,3015
1000,191,83,2024-07-18,5,4580
1001,61,66,2024-12-20,3,60
1002,171,7,2024-07-17,4,644
1003,107,88,2024-10-09,3,1671
1004,14,2,2024-04-13,3,1668
1005,159,100,2024-04-25,4,436
1006,163,91,2024-10-28,3,2379
1007,140,95,2024-04-10,5,3015
1008,199,93,2024-05-30,2,176
1009,115,23,2024-04-05,1,373
1010,45,95,2024-03-02,5,3015
1011,97,6,2024-05-22,4,2236
1012,143,34,2024-03-23,2,180
1013,150,33,2024-06-18,1,835
1014,120,91,2024-01-21,2,1586
1015,40,42,2024-01-27,5,3775
1016,199,81,2024-12-04,5,1365
1017,78,63,2024-10-08,5,785
1018,92,10,2024-09-26,3,2742
1019,57,24,2024-02-04,5,5385
1020,130,21,2024-10-05,4,228
1021,138,52,2024-06-27,1,850
1022,57,28,2024-06-18,3,2181
1023,93,38,2024-11-12,2,2136
1024,136,61,2024-11-28,5,4000
1025,3,15,2024-08-16,3,537
1026,62,83,2024-11-14,5,4580
1027,63,6,2024-07-14,3,1677
1028,30,50,2024-10-03,3,1953
1029,186,37,2024-09-21,1,252
1030,198,48,2024-09-17,5,1315
1031,115,63,2024-05-31,1,157
1032,167,25,2024-09-20,3,1752
1033,22,13,2024-10-02,2,2078
1034,137,1,2024-04-17,1,160
1035,172,81,2024-12-16,2,546
1036,109,14,2024-10-02,2,2052
1037,180,95,2024-11-27,4,2412
1038,19,96,2024-01-13,2,400
1039,118,92,2024-01-20,3,3042
1040,23,10,2024-04-01,1,914
1041,65,72,2024-10-21,1,1127
1042,59,34,2024-07-17,4,360
1043,116,81,2024-08-09,4,1092
1044,81,3,2024-12-10,4,1680
1045,31,69,2024-11-24,1,929
1046,185,80,2024-10-26,1,1029
1047,12,90,2024-07-02,1,687
1048,129,14,2024-12-17,3,3078
1049,78,78,2024-05-24,1,983
1050,196,57,2024-07-21,4,2296
1051,170,4,2024-03-21,4,1000
1052,137,29,2024-07-19,2,1394
1053,140,38,2024-06-01,2,2136
1054,174,94,2024-01-06,3,465
1055,142,72,2024-03-04,2,2254
1056,11,1,2024-11-01,5,800
1057,101,69,2024-02-13,5,4645
1058,79,27,2024-04-18,3,603
1059,106,83,2024-03-13,5,4580
1060,42,24,2024-11-11,2,2154
1061,65,25,2024-04-02,1,584
1062,172,73,2024-10-08,1,947
1063,119,83,2024-02-07,5,4580
1064,75,86,2024-05-08,1,854
1065,26,26,2024-09-06,5,4535
1066,85,46,2024-12-09,2,566
1067,168,31,2024-05-25,1,690
1068,159,9,2024-06-11,2,2360
1069,125,58,2024-11-11,3,3009
1070,169,40,2024-03-19,5,4305
1071,145,73,2024-06-10,3,2841
1072,110,22,2024-06-09,1,1195
1073,64,29,2024-05-21,4,2788
1074,93,18,2024-09-02,3,1581
1075,119,58,2024-06-05,3,3009
1076,125,71,2024-03-30,1,695
1077,166,78,2024-05-23,1,983
1078,36,69,2024-05-14,2,1858
1079,188,81,2024-02-08,1,273
1080,5,65,2024-10-24,1,1054
1081,149,52,2024-04-18,5,4250
1082,10,71,2024-10-05,3,2085
1083,139,61,2024-07-06,2,1600
1084,101,29,2024-05-28,5,3485
1085,35,60,2024-09-18,5,5715
1086,24,51,2024-09-14,3,129
1087,3,85,2024-11-10,2,92
1088,176,22,2024-03-12,5,5975
1089,115,21,2024-10-16,2,114
1090,145,85,2024-09-04,2,92
1091,92,6,2024-09-06,2,1118
1092,60,9,2024-07-08,3,3540
1093,60,6,2024-09-22,2,1118
1094,93,50,2024-08-20,4,2604
1095,12,6,2024-02-22,3,1677
1096,181,67,2024-05-14,3,1878
1097,149,70,2024-03-30,5,5030
1098,97,84,2024-07-06,4,4368
1099,151,84,2024-09-21,1,1092
1100,65,49,2024-09-21,2,1010
1101,104,46,2024-09-06,3,849
1102,124,78,2024-09-13,1,983
1103,36,57,2024-04-27,2,1148
1104,20,66,2024-04-18,3,60
1105,39,24,2024-07-04,2,2154
1106,155,92,2024-12-04,1,1014
1107,59,54,2024-02-28,3,2880
1108,124,87,2024-09-02,4,672
1109,54,76,2024-11-27,2,986
1110,106,3,2024-01-23,2,840
1111,33,74,2024-03-23,5,2005
1112,35,81,2024-01-21,5,1365
1113,147,19,2024-03-26,1,202
1114,67,24,2024-07-26,5,5385
1115,154,73,2024-12-04,1,947
1116,73,11,2024-08-17,2,1948
1117,156,61,2024-03-28,4,3200
1118,57,53,2024-03-14,5,2375
1119,150,99,2024-11-15,2,1256
1120,169,66,2024-03-26,3,60
1121,186,88,2024-08-20,3,1671
1122,153,76,2024-04-27,1,493
1123,97,50,2024-02-25,2,1302
1124,5,26,2024-09-15,5,4535
1125,176,54,2024-11-06,2,1920
1126,25,23,2024-11-10,4,1492
1127,154,5,2024-09-14,5,2375
1128,193,16,2024-09-03,1,96
1129,169,17,2024-10-03,5,3375
1130,1,100,2024-09-24,4,436
1131,108,48,2024-12-23,1,263
1132,136,55,2024-09-03,2,660
1133,197,49,2024-10-28,3,1515
1134,190,98,2024-02-20,5,4615
1135,109,18,2024-09-01,3,1581
1136,197,30,2024-05-25,1,229
1137,154,70,2024-05-11,4,4024
1138,49,1,2024-10-22,1,160
1139,134,16,2024-01-04,5,480
1140,97,84,2024-12-18,2,2184
1141,81,53,2024-02-24,3,1425
1142,40,55,2024-05-09,5,1650
1143,67,69,2024-10-16,4,3716
1144,94,79,2024-12-14,3,2415
1145,102,97,2024-07-30,2,432
1146,142,72,2024-04-01,4,4508
1147,95,72,2024-09-04,5,5635
1148,65,40,2024-06-25,5,4305
1149,199,91,2024-03-11,4,3172
1150,169,16,2024-08-16,2,192
1151,180,21,2024-04-19,1,57
1152,131,52,2024-10-08,3,2550
1153,158,90,2024-03-23,1,687
1154,100,82,2024-02-16,1,694
1155,38,61,2024-08-10,5,4000
1156,23,9,2024-04-23,3,3540
1157,95,11,2024-01-20,5,4870
1158,186,50,2024-11-10,4,2604
1159,168,67,2024-12-30,3,1878
1160,153,8,2024-11-23,2,708
1161,127,57,2024-04-13,1,574
1162,169,67,2024-04-09,3,1878
1163,9,77,2024-09-21,5,520
1164,179,30,2024-03-27,5,1145
1165,173,5,2024-05-02,3,1425
1166,168,1,2024-02-14,2,320
1167,71,100,2024-06-29,4,436
1168,172,51,2024-10-27,4,172
1169,52,67,2024-12-26,1,626
1170,18,12,2024-05-25,5,4195
1171,186,72,2024-06-27,5,5635
1172,89,36,2024-11-06,2,1062
1173,50,59,2024-10-21,4,2056
1174,2,34,2024-07-27,2,180
1175,130,14,2024-02-07,5,5130
1176,129,38,2024-02-29,3,3204
1177,132,33,2024-10-21,5,4175
1178,65,89,2024-07-12,4,3316
1179,145,62,2024-06-22,2,2110
1180,199,59,2024-10-27,4,2056
1181,8,62,2024-05-12,1,1055
1182,18,49,2024-12-12,2,1010
1183,180,30,2024-07-30,3,687
1184,91,67,2024-01-05,5,3130
1185,180,34,2024-05-27,2,180
1186,24,52,2024-02-08,3,2550
1187,142,23,2024-06-09,4,1492
1188,91,28,2024-05-17,5,3635
1189,47,96,2024-09-12,2,400
1190,189,26,2024-05-03,2,1814
1191,68,27,2024-04-13,2,402
1192,64,80,2024-03-20,3,3087
1193,200,14,2024-02-10,1,1026
1194,174,85,2024-11-10,4,184
1195,2,98,2024-01-22,5,4615
1196,124,48,2024-06-10,5,1315
1197,127,74,2024-09-08,3,1203
1198,47,98,2024-05-23,5,4615
1199,102,29,2024-03-06,5,3485
1200,14,68,2024-09-01,4,4068
1201,139,5,2024-06-26,5,2375
1202,101,88,2024-08-22,2,1114
1203,31,90,2024-08-23,5,3435
1204,81,89,2024-01-07,1,829
1205,173,27,2024-10-24,4,804
1206,26,42,2024-11-09,3,2265
1207,67,24,2024-05-14,5,5385
1208,61,35,2024-11-09,4,780
1209,88,47,2024-09-12,2,1824
1210,109,27,2024-12-24,4,804
1211,193,48,2024-07-24,3,789
1212,72,58,2024-10-19,2,2006
1213,34,74,2024-02-21,2,802
1214,185,35,2024-10-11,2,390
1215,111,49,2024-03-15,2,1010
1216,190,20,2024-01-05,4,4772
1217,46,54,2024-03-09,4,3840
1218,162,67,2024-06-10,5,3130
1219,125,39,2024-10-14,3,3378
1220,146,7,2024-02-20,4,644
1221,177,21,2024-04-20,1,57
1222,66,61,2024-08-18,1,800
1223,191,43,2024-07-03,3,3105
1224,93,72,2024-05-11,5,5635
1225,89,3,2024-03-03,4,1680
1226,90,87,2024-04-11,5,840
1227,148,74,2024-03-30,5,2005
1228,200,37,2024-06-15,3,756
1229,173,66,2024-08-16,4,80
1230,21,49,2024-05-26,5,2525
1231,119,81,2024-03-26,2,546
1232,164,44,2024-11-19,4,480
1233,157,74,2024-02-06,4,1604
1234,21,21,2024-04-26,3,171
1235,81,41,2024-12-29,3,1197
1236,69,78,2024-05-18,4,3932
1237,114,100,2024-10-27,3,327
1238,134,58,2024-03-26,4,4012
1239,48,3,2024-04-30,2,840
1240,170,33,2024-04-17,1,835
1241,43,51,2024-02-18,1,43
1242,17,61,2024-01-28,5,4000
1243,7,99,2024-09-25,4,2512
1244,196,11,2024-05-14,1,974
1245,159,20,2024-12-01,1,1193
1246,100,40,2024-05-06,2,1722
1247,189,37,2024-11-16,4,1008
1248,33,17,2024-03-28,5,3375
1249,8,5,2024-06-15,3,1425
1250,122,60,2024-05-19,5,5715
1251,141,57,2024-12-23,2,1148
1252,139,23,2024-11-01,5,1865
1253,117,81,2024-08-10,5,1365
1254,135,82,2024-06-07,5,3470
1255,89,62,2024-04-26,5,5275
1256,23,57,2024-07-06,3,1722
1257,106,34,2024-06-04,2,180
1258,3,1,2024-03-10,5,800
1259,89,37,2024-09-30,4,1008
1260,3,89,2024-09-01,4,3316
1261,77,2,2024-05-29,4,2224
1262,153,30,2024-10-07,1,229
1263,96,25,2024-10-14,4,2336
1264,112,51,2024-03-24,2,86
1265,184,95,2024-07-12,4,2412
1266,57,34,2024-08-04,1,90
1267,161,31,2024-11-09,5,3450
1268,178,88,2024-05-25,3,1671
1269,167,96,2024-05-17,5,1000
1270,106,25,2024-04-03,1,584
1271,35,38,2024-11-22,1,1068
1272,117,80,2024-05-19,4,4116
1273,180,80,2024-04-06,4,4116
1274,83,3,2024-01-26,2,840
1275,137,3,2024-02-22,2,840
1276,73,35,2024-08-12,2,390
1277,187,2,2024-02-16,2,1112
1278,39,2,2024-04-21,4,2224
1279,88,54,2024-09-12,3,2880
1280,96,60,2024-06-18,1,1143
1281,21,97,2024-01-29,2,432
1282,69,100,2024-02-06,4,436
1283,140,61,2024-04-08,2,1600
1284,65,49,2024-03-03,1,505
1285,197,92,2024-07-16,2,2028
1286,198,57,2024-01-18,2,1148
1287,51,59,2024-09-23,1,514
1288,171,27,2024-07-18,4,804
1289,175,40,2024-03-22,3,2583
1290,162,94,2024-10-08,1,155
1291,134,16,2024-09-03,3,288
1292,164,39,2024-07-03,2,2252
1293,14,86,2024-02-27,2,1708
1294,61,82,2024-06-15,4,2776
1295,4,22,2024-10-26,3,3585
1296,31,51,2024-01-05,2,86
1297,11,75,2024-12-18,4,4744
1298,153,20,2024-02-15,3,3579
1299,64,21,2024-02-16,4,228
1300,176,80,2024-11-16,3,3087
1301,16,8,2024-11-26,3,1062
1302,40,90,2024-02-24,5,3435
1303,33,63,2024-06-11,2,314
1304,143,83,2024-08-12,3,2748
1305,188,25,2024-12-18,1,584
1306,97,46,2024-05-08,2,566
1307,11,63,2024-10-13,4,628
1308,76,70,2024-04-07,4,4024
1309,146,24,2024-06-27,5,5385
1310,83,94,2024-05-20,4,620
1311,154,71,2024-02-05,2,1390
1312,136,20,2024-05-31,4,4772
1313,68,70,2024-08-20,3,3018
1314,1,100,2024-07-13,5,545
1315,188,24,2024-11-13,1,1077
1316,94,100,2024-05-02,5,545
1317,83,93,2024-12-03,1,88
1318,138,50,2024-09-25,2,1302
1319,175,64,2024-03-19,5,4320
1320,157,37,2024-07-28,3,756
1321,165,42,2024-02-19,1,755
1322,134,85,2024-01-23,1,46
1323,34,23,2024-04-13,1,373
1324,28,63,2024-02-20,2,314
1325,9,74,2024-12-02,4,1604
1326,126,68,2024-12-25,5,5085
1327,152,33,2024-07-06,1,835
1328,57,78,2024-01-07,1,983
1329,54,84,2024-02-10,4,4368
1330,120,82,2024-07-03,1,694
1331,143,96,2024-07-07,4,800
1332,182,8,2024-05-16,5,1770
1333,136,6,2024-06-04,1,559
1334,20,28,2024-02-19,5,3635
1335,26,93,2024-09-29,2,176
1336,99,25,2024-09-26,2,1168
1337,169,32,2024-11-16,5,5145
1338,46,72,2024-07-31,5,5635
1339,192,14,2024-07-02,5,5130
1340,173,59,2024-02-23,4,2056
1341,43,24,2024-07-24,5,5385
1342,130,44,2024-09-30,2,240
1343,154,57,2024-06-10,3,1722
1344,141,42,2024-07-30,3,2265
1345,196,82,2024-06-14,4,2776
1346,156,31,2024-10-06,5,3450
1347,55,49,2024-05-10,5,2525
1348,93,58,2024-07-22,4,4012
1349,1,93,2024-05-25,1,88
1350,153,3,2024-03-10,5,2100
1351,78,1,2024-04-23,3,480
1352,55,41,2024-12-19,1,399
1353,71,71,2024-10-11,5,3475
1354,147,74,2024-02-18,2,802
1355,10,59,2024-03-20,3,1542
1356,36,34,2024-10-25,3,270
1357,64,30,2024-06-02,3,687
1358,24,74,2024-10-18,4,1604
1359,56,94,2024-06-15,1,155
1360,124,23,2024-12-19,4,1492
1361,180,74,2024-10-31,1,401
1362,165,39,2024-10-22,1,1126
1363,98,11,2024-06-20,1,974
1364,90,56,2024-03-02,4,2448
1365,198,30,2024-01-06,5,1145
1366,163,100,2024-01-28,4,436
1367,79,68,2024-06-12,1,1017
1368,139,73,2024-06-16,2,1894
1369,129,90,2024-03-19,2,1374
1370,13,87,2024-08-16,4,672
1371,193,77,2024-09-15,5,520
1372,24,29,2024-05-28,4,2788
1373,101,19,2024-06-21,2,404
1374,22,61,2024-01-26,5,4000
1375,141,52,2024-02-13,3,2550
1376,103,65,2024-12-23,4,4216
1377,34,98,2024-09-03,2,1846
1378,144,26,2024-07-21,4,3628
1379,167,74,2024-10-14,2,802
1380,158,95,2024-05-06,5,3015
1381,63,10,2024-08-08,3,2742
1382,83,88,2024-02-15,5,2785
1383,29,86,2024-08-04,4,3416
1384,94,45,2024-06-13,2,1122
1385,89,77,2024-06-05,1,104
1386,44,45,2024-08-14,5,2805
1387,160,19,2024-01-23,4,808
1388,60,26,2024-03-20,3,2721
1389,194,94,2024-02-27,1,155
1390,190,7,2024-11-13,2,322
1391,38,37,2024-06-24,1,252
1392,178,15,2024-08-18,3,537
1393,121,3,2024-04-17,3,1260
1394,190,69,2024-04-14,2,1858
1395,140,67,2024-10-07,3,1878
1396,124,80,2024-12-21,2,2058
1397,179,86,2024-07-11,1,854
1398,150,85,2024-01-23,5,230
1399,66,22,2024-05-25,1,1195
1400,52,90,2024-05-18,5,3435
1401,14,60,2024-02-04,1,1143
1402,100,85,2024-12-05,3,138
1403,169,47,2024-01-10,1,912
1404,75,84,2024-04-28,4,4368
1405,98,66,2024-06-10,1,20
1406,125,77,2024-02-15,5,520
1407,48,26,2024-08-22,5,4535
1408,144,92,2024-01-21,1,1014
1409,64,68,2024-06-19,3,3051
1410,126,51,2024-01-10,2,86
1411,89,88,2024-06-30,3,1671
1412,161,39,2024-09-13,2,2252
1413,71,8,2024-07-17,3,1062
1414,8,72,2024-04-25,3,3381
1415,39,44,2024-12-02,4,480
1416,36,12,2024-09-23,4,3356
1417,174,79,2024-08-01,2,1610
1418,62,74,2024-08-06,2,802
1419,80,78,2024-08-17,3,2949
1420,139,17,2024-11-30,2,1350
1421,36,75,2024-12-16,5,5930
1422,52,18,2024-12-18,3,1581
1423,181,68,2024-08-08,2,2034
1424,198,19,2024-03-21,5,1010
1425,82,9,2024-09-29,5,5900
1426,185,16,2024-06-11,2,192
1427,38,94,2024-06-12,1,155
1428,106,53,2024-08-14,3,1425
1429,191,82,2024-03-18,3,2082
1430,200,25,2024-03-08,1,584
1431,48,4,2024-11-11,5,1250
1432,69,78,2024-11-09,5,4915
1433,60,77,2024-04-28,2,208
1434,176,4,2024-02-10,3,750
1435,177,100,2024-03-09,4,436
1436,129,78,2024-12-30,4,3932
1437,167,48,2024-07-17,2,526
1438,126,61,2024-03-24,2,1600
1439,50,29,2024-07-28,1,697
1440,196,2,2024-07-30,3,1668
1441,57,96,2024-04-14,2,400
1442,17,23,2024-11-11,4,1492
1443,126,89,2024-08-22,3,2487
1444,64,55,2024-01-22,4,1320
1445,156,95,2024-06-09,4,2412
1446,101,79,2024-10-31,5,4025
1447,138,68,2024-09-23,1,1017
1448,28,58,2024-01-22,4,4012
1449,63,67,2024-07-21,5,3130
1450,189,6,2024-07-17,5,2795
1451,133,98,2024-04-07,1,923
1452,75,57,2024-06-04,4,2296
1453,199,37,2024-03-26,4,1008
1454,109,38,2024-01-28,5,5340
1455,177,67,2024-08-25,2,1252
1456,166,58,2024-09-13,1,1003
1457,29,24,2024-12-22,5,5385
1458,140,18,2024-07-30,4,2108
1459,83,58,2024-04-01,1,1003
1460,117,76,2024-08-20,2,986
1461,24,33,2024-12-20,3,2505
1462,167,92,2024-03-04,2,2028
1463,24,15,2024-11-20,4,716
1464,93,11,2024-12-28,5,4870
1465,99,94,2024-11-09,5,775
1466,41,49,2024-07-13,5,2525
1467,12,99,2024-06-20,2,1256
1468,145,85,2024-03-24,2,92
1469,38,23,2024-08-02,1,373
1470,79,40,2024-05-27,4,3444
1471,161,24,2024-03-08,1,1077
1472,52,1,2024-05-09,5,800
1473,4,59,2024-09-12,4,2056
1474,140,1,2024-09-09,5,800
1475,61,28,2024-12-03,5,3635
1476,122,59,2024-08-14,4,2056
1477,21,77,2024-01-04,5,520
1478,63,71,2024-11-13,3,2085
1479,161,72,2024-01-26,2,2254
1480,48,19,2024-11-30,1,202
1481,90,5,2024-01-17,2,950
1482,171,74,2024-06-01,5,2005
1483,85,12,2024-02-25,1,839
1484,107,23,2024-12-10,2,746
1485,73,79,2024-10-20,5,4025
1486,144,23,2024-10-23,4,1492
1487,93,5,2024-06-02,1,475
1488,83,48,2024-02-04,4,1052
1489,195,55,2024-02-03,5,1650
1490,75,61,2024-03-03,2,1600
1491,178,36,2024-09-26,3,1593
1492,106,68,2024-12-22,2,2034
1493,54,79,2024-02-25,1,805
1494,147,94,2024-02-14,5,775
1495,124,93,2024-12-27,5,440
1496,74,55,2024-06-11,5,1650
1497,67,68,2024-11-15,5,5085
1498,91,17,2024-10-15,5,3375
1499,128,67,2024-09-09,4,2504
1500,47,79,2024-12-28,2,1610
1501,75,25,2024-03-01,1,584
1502,7,60,2024-04-16,1,1143
1503,158,54,2024-01-24,4,3840
1504,86,45,2024-11-22,5,2805
1505,55,2,2024-12-19,2,1112
1506,73,33,2024-06-06,1,835
1507,77,65,2024-06-14,5,5270
1508,197,1,2024-12-17,1,160
1509,86,44,2024-10-18,4,480
1510,158,4,2024-04-09,2,500
1511,85,44,2024-08-30,4,480
1512,10,83,2024-09-03,2,1832
1513,40,81,2024-10-01,4,1092
1514,86,60,2024-01-29,4,4572
1515,134,39,2024-12-13,5,5630
1516,81,72,2024-01-10,5,5635
1517,54,74,2024-06-30,3,1203
1518,17,20,2024-01-16,3,3579
1519,87,49,2024-03-25,5,2525
1520,147,78,2024-04-05,4,3932
1521,153,15,2024-12-27,3,537
1522,81,91,2024-05-19,1,793
1523,106,12,2024-05-01,4,3356
1524,96,58,2024-04-20,3,3009
1525,135,39,2024-02-27,2,2252
1526,96,5,2024-02-17,2,950
1527,114,65,2024-09-04,1,1054
1528,129,20,2024-06-23,2,2386
1529,124,94,2024-06-07,5,775
1530,199,42,2024-02-20,2,1510
1531,133,87,2024-04-15,2,336
1532,186,5,2024-07-17,4,1900
1533,183,67,2024-01-03,1,626
1534,80,6,2024-02-14,5,2795
1535,86,60,2024-02-22,1,1143
1536,134,99,2024-01-12,3,1884
1537,148,98,2024-11-23,3,2769
1538,54,42,2024-04-08,2,1510
1539,74,36,2024-06-12,5,2655
1540,198,57,2024-05-19,1,574
1541,39,21,2024-02-28,3,171
1542,4,80,2024-09-20,5,5145
1543,27,27,2024-06-28,5,1005
1544,141,41,2024-03-13,3,1197
1545,181,37,2024-05-05,5,1260
1546,44,10,2024-11-09,3,2742
1547,87,70,2024-01-26,4,4024
1548,34,4,2024-12-11,4,1000
1549,13,14,2024-01-28,4,4104
1550,23,55,2024-04-01,4,1320
1551,181,77,2024-11-18,5,520
1552,177,90,2024-11-11,4,2748
1553,92,40,2024-04-11,3,2583
1554,183,98,2024-02-10,5,4615
1555,194,98,2024-10-17,4,3692
1556,34,12,2024-02-19,4,3356
1557,117,40,2024-08-28,4,3444
1558,60,29,2024-11-11,2,1394
1559,67,47,2024-04-03,4,3648
1560,180,86,2024-06-15,3,2562
1561,117,63,2024-02-03,1,157
1562,122,15,2024-09-02,3,537
1563,119,22,2024-06-27,3,3585
1564,155,74,2024-09-17,2,802
1565,27,52,2024-06-15,1,850
1566,143,84,2024-06-03,1,1092
1567,137,60,2024-10-29,4,4572
1568,106,31,2024-05-04,5,3450
1569,141,21,2024-07-15,4,228
1570,17,44,2024-12-21,2,240
1571,152,56,2024-10-17,4,2448
1572,88,70,2024-03-29,2,2012
1573,170,86,2024-12-30,1,854
1574,147,63,2024-10-30,1,157
1575,153,60,2024-10-11,3,3429
1576,25,57,2024-06-06,2,1148
1577,104,9,2024-02-25,5,5900
1578,176,77,2024-06-16,4,416
1579,127,83,2024-02-16,1,916
1580,56,18,2024-11-21,5,2635
1581,1,97,2024-12-04,2,432
1582,39,58,2024-05-29,5,5015
1583,100,79,2024-08-16,5,4025
1584,51,27,2024-06-02,3,603
1585,146,87,2024-08-10,3,504
1586,184,45,2024-10-25,1,561
1587,3,79,2024-07-25,5,4025
1588,33,38,2024-07-08,1,1068
1589,141,7,2024-12-26,1,161
1590,144,46,2024-05-24,1,283
1591,8,31,2024-12-25,4,2760
1592,152,51,2024-12-30,3,129
1593,98,52,2024-08-10,4,3400
1594,140,28,2024-08-31,2,1454
1595,36,25,2024-07-15,5,2920
1596,93,54,2024-05-27,2,1920
1597,172,17,2024-01-06,2,1350
1598,19,83,2024-03-14,1,916
1599,185,63,2024-03-10,4,628
1600,22,18,2024-08-21,4,2108
1601,179,78,2024-11-15,4,3932
1602,47,59,2024-08-05,5,2570
1603,142,58,2024-06-30,4,4012
1604,58,24,2024-11-05,4,4308
1605,2,74,2024-05-01,4,1604
1606,183,65,2024-07-29,3,3162
1607,140,74,2024-01-18,3,1203
1608,10,73,2024-12-26,4,3788
1609,95,15,2024-09-03,5,895
1610,177,11,2024-09-26,2,1948
1611,193,100,2024-08-26,3,327
1612,133,11,2024-11-08,5,4870
1613,23,32,2024-11-18,4,4116
1614,190,85,2024-12-16,1,46
1615,163,70,2024-06-08,5,5030
1616,157,7,2024-09-30,3,483
1617,200,2,2024-08-20,4,2224
1618,132,61,2024-06-18,5,4000
1619,108,46,2024-05-28,3,849
1620,43,5,2024-06-04,5,2375
1621,187,73,2024-02-01,3,2841
1622,162,61,2024-03-27,5,4000
1623,147,7,2024-11-15,3,483
1624,7,37,2024-02-12,4,1008
1625,33,65,2024-05-22,1,1054
1626,65,17,2024-05-23,5,3375
1627,71,33,2024-02-27,1,835
1628,155,23,2024-03-18,5,1865
1629,169,58,2024-03-30,3,3009
1630,67,90,2024-09-05,2,1374
1631,47,68,2024-06-24,1,1017
1632,22,19,2024-03-19,5,1010
1633,127,97,2024-07-15,4,864
1634,61,85,2024-11-22,4,184
1635,43,27,2024-06-25,5,1005
1636,14,83,2024-02-29,3,2748
1637,14,22,2024-07-23,4,4780
1638,122,39,2024-09-29,4,4504
1639,60,49,2024-08-30,4,2020
1640,68,19,2024-08-10,5,1010
1641,4,37,2024-07-14,4,1008
1642,174,41,2024-12-15,5,1995
1643,11,13,2024-11-22,5,5195
1644,91,56,2024-11-29,5,3060
1645,70,43,2024-05-16,3,3105
1646,26,33,2024-07-19,5,4175
1647,119,99,2024-12-10,2,1256
1648,151,99,2024-09-23,2,1256
1649,87,87,2024-06-09,2,336
1650,141,2,2024-02-04,1,556
1651,4,53,2024-09-25,1,475
1652,27,88,2024-06-28,4,2228
1653,57,93,2024-05-08,3,264
1654,50,5,2024-11-13,1,475
1655,24,8,2024-12-02,5,1770
1656,56,77,2024-12-28,1,104
1657,31,12,2024-03-07,5,4195
1658,97,85,2024-04-04,5,230
1659,29,90,2024-05-09,2,1374
1660,76,60,2024-11-23,1,1143
1661,117,36,2024-12-20,4,2124
1662,171,99,2024-05-11,3,1884
1663,42,100,2024-05-21,1,109
1664,199,8,2024-07-17,4,1416
1665,86,8,2024-05-15,3,1062
1666,46,57,2024-09-08,1,574
1667,52,79,2024-04-01,4,3220
1668,166,63,2024-03-14,1,157
1669,139,99,2024-04-21,4,2512
1670,158,83,2024-08-14,1,916
1671,184,34,2024-01-18,1,90
1672,19,10,2024-05-08,5,4570
1673,199,58,2024-09-11,1,1003
1674,39,84,2024-01-20,1,1092
1675,171,50,2024-03-18,3,1953
1676,180,43,2024-10-21,4,4140
1677,1,66,2024-09-01,4,80
1678,112,52,2024-10-03,1,850
1679,58,1,2024-12-18,4,640
1680,200,62,2024-10-17,1,1055
1681,138,46,2024-12-15,3,849
1682,78,52,2024-11-19,1,850
1683,166,12,2024-09-30,3,2517
1684,88,11,2024-05-28,4,3896
1685,166,26,2024-10-10,2,1814
1686,11,50,2024-06-02,2,1302
1687,179,50,2024-11-18,1,651
1688,177,46,2024-02-13,4,1132
1689,162,57,2024-03-12,2,1148
1690,10,25,2024-10-30,1,584
1691,62,63,2024-02-02,4,628
1692,139,83,2024-09-12,3,2748
1693,137,58,2024-01-19,1,1003
1694,87,8,2024-01-22,3,1062
1695,104,16,2024-11-30,2,192
1696,171,67,2024-12-13,4,2504
1697,138,20,2024-04-29,5,5965
1698,19,5,2024-09-07,2,950
1699,168,3,2024-11-12,4,1680
1700,12,32,2024-01-08,2,2058
1701,45,81,2024-06-06,1,273
1702,25,59,2024-03-28,5,2570
1703,152,9,2024-02-28,1,1180
1704,128,77,2024-04-22,5,520
1705,17,26,2024-06-21,4,3628
1706,189,87,2024-06-15,4,672
1707,31,88,2024-10-06,5,2785
1708,36,42,2024-01-24,2,1510
1709,152,23,2024-02-02,3,1119
1710,31,36,2024-07-31,2,1062
1711,44,90,2024-10-10,3,2061
1712,43,57,2024-10-24,2,1148
1713,11,18,2024-11-19,1,527
1714,157,49,2024-01-09,2,1010
1715,125,11,2024-01-04,1,974
1716,46,12,2024-05-25,5,4195
1717,107,89,2024-12-20,4,3316
1718,33,27,2024-11-23,2,402
1719,70,67,2024-07-29,4,2504
1720,62,23,2024-12-20,5,1865
1721,10,77,2024-09-12,2,208
1722,157,12,2024-06-27,3,2517
1723,108,1,2024-04-30,5,800
1724,50,16,2024-02-18,5,480
1725,159,47,2024-09-16,5,4560
1726,57,60,2024-05-21,2,2286
1727,14,25,2024-03-17,1,584
1728,176,61,2024-03-31,4,3200
1729,41,86,2024-01-28,1,854
1730,166,47,2024-04-17,3,2736
1731,112,33,2024-11-11,3,2505
1732,195,59,2024-02-23,1,514
1733,190,7,2024-03-31,5,805
1734,41,4,2024-09-20,4,1000
1735,30,10,2024-08-15,2,1828
1736,152,75,2024-08-02,3,3558
1737,51,96,2024-04-27,3,600
1738,200,15,2024-04-26,3,537
1739,26,31,2024-04-12,4,2760
1740,97,29,2024-08-29,1,697
1741,150,63,2024-08-11,1,157
1742,38,28,2024-08-20,5,3635
1743,46,50,2024-03-10,3,1953
1744,118,93,2024-11-19,2,176
1745,92,35,2024-06-20,2,390
1746,33,5,2024-01-31,5,2375
1747,72,18,2024-08-26,1,527
1748,118,54,2024-06-24,2,1920
1749,57,38,2024-03-21,5,5340
1750,164,79,2024-10-22,2,1610
1751,142,30,2024-07-29,1,229
1752,134,63,2024-10-29,2,314
1753,122,60,2024-01-08,3,3429
1754,187,55,2024-05-06,2,660
1755,84,56,2024-04-23,5,3060
1756,152,20,2024-01-03,5,5965
1757,107,6,2024-08-28,1,559
1758,188,99,2024-01-18,5,3140
1759,109,68,2024-09-02,4,4068
1760,179,13,2024-09-10,4,4156
1761,62,11,2024-01-07,5,4870
1762,178,94,2024-04-21,4,620
1763,34,46,2024-05-02,3,849
1764,166,12,2024-09-02,1,839
1765,172,40,2024-12-26,2,1722
1766,118,74,2024-01-13,5,2005
1767,117,60,2024-12-26,2,2286
1768,104,24,2024-11-16,3,3231
1769,119,91,2024-11-17,1,793
1770,19,50,2024-09-28,3,1953
1771,9,38,2024-05-18,4,4272
1772,179,79,2024-10-21,5,4025
1773,54,88,2024-11-13,1,557
1774,86,95,2024-09-20,1,603
1775,173,47,2024-02-26,1,912
1776,99,47,2024-11-12,4,3648
1777,11,47,2024-03-30,3,2736
1778,166,72,2024-10-14,1,1127
1779,182,100,2024-03-11,2,218
1780,86,31,2024-02-28,5,3450
1781,167,62,2024-12-25,5,5275
1782,54,97,2024-06-13,2,432
1783,91,35,2024-12-14,5,975
1784,109,36,2024-02-02,1,531
1785,96,45,2024-09-05,4,2244
1786,129,68,2024-08-28,1,1017
1787,182,69,2024-05-29,5,4645
1788,116,80,2024-12-10,3,3087
1789,178,9,2024-08-22,2,2360
1790,23,11,2024-04-01,4,3896
1791,74,10,2024-03-25,1,914
1792,71,15,2024-09-11,2,358
1793,39,27,2024-11-17,5,1005
1794,6,38,2024-12-15,4,4272
1795,139,17,2024-06-26,4,2700
1796,108,57,2024-05-29,1,574
1797,49,9,2024-04-28,1,1180
1798,134,83,2024-07-29,3,2748
1799,149,44,2024-09-05,3,360
1800,152,86,2024-10-07,5,4270
1801,114,59,2024-10-17,3,1542
1802,34,40,2024-05-13,2,1722
1803,59,62,2024-05-27,3,3165
1804,198,7,2024-06-29,2,322
1805,73,59,2024-11-12,2,1028
1806,42,92,2024-05-26,5,5070
1807,47,23,2024-03-23,2,746
1808,61,15,2024-06-11,1,179
1809,148,17,2024-05-13,4,2700
1810,95,24,2024-10-14,2,2154
1811,182,5,2024-06-25,3,1425
1812,38,48,2024-10-03,4,1052
1813,42,69,2024-03-03,3,2787
1814,7,52,2024-03-15,4,3400
1815,118,41,2024-01-03,2,798
1816,190,70,2024-06-18,5,5030
1817,166,91,2024-08-30,3,2379
1818,75,97,2024-12-07,5,1080
1819,38,73,2024-06-22,4,3788
1820,177,15,2024-01-21,4,716
1821,36,87,2024-02-29,5,840
1822,79,4,2024-11-12,4,1000
1823,57,58,2024-02-17,3,3009
1824,84,8,2024-11-24,5,1770
1825,50,75,2024-04-23,5,5930
1826,197,36,2024-01-12,2,1062
1827,22,69,2024-12-12,4,3716
1828,172,12,2024-07-20,5,4195
1829,50,63,2024-11-04,3,471
1830,155,66,2024-12-07,1,20
1831,93,51,2024-08-06,2,86
1832,95,50,2024-01-07,3,1953
1833,73,45,2024-06-06,3,1683
1834,115,72,2024-04-20,1,1127
1835,187,57,2024-08-14,4,2296
1836,74,21,2024-07-31,4,228
1837,36,76,2024-02-14,5,2465
1838,37,27,2024-08-31,3,603
1839,135,43,2024-10-29,1,1035
1840,194,49,2024-01-04,1,505
1841,105,82,2024-07-31,3,2082
1842,45,72,2024-12-29,4,4508
1843,146,97,2024-04-12,2,432
1844,48,49,2024-10-10,3,1515
1845,126,6,2024-10-26,3,1677
1846,78,64,2024-08-25,5,4320
1847,58,4,2024-03-19,1,250
1848,68,39,2024-03-04,4,4504
1849,168,86,2024-08-01,3,2562
1850,46,63,2024-01-15,2,314
1851,31,98,2024-09-09,3,2769
1852,18,77,2024-10-24,3,312
1853,124,73,2024-05-12,4,3788
1854,161,88,2024-12-21,4,2228
1855,31,48,2024-10-21,5,1315
1856,5,34,2024-10-24,2,180
1857,15,19,2024-08-24,3,606
1858,178,18,2024-03-24,3,1581
1859,14,35,2024-08-02,3,585
1860,163,46,2024-05-28,1,283
1861,75,68,2024-09-20,1,1017
1862,50,99,2024-02-18,2,1256
1863,154,97,2024-10-05,2,432
1864,83,41,2024-05-18,3,1197
1865,176,90,2024-02-19,3,2061
1866,137,75,2024-03-14,3,3558
1867,4,18,2024-05-24,5,2635
1868,96,100,2024-07-29,4,436
1869,88,21,2024-04-21,1,57
1870,40,65,2024-04-06,2,2108
1871,144,79,2024-09-29,5,4025
1872,183,71,2024-08-01,1,695
1873,118,10,2024-03-08,1,914
1874,5,62,2024-06-08,3,3165
1875,177,47,2024-08-14,2,1824
1876,153,67,2024-03-29,3,1878
1877,182,39,2024-03-01,1,1126
1878,57,17,2024-12-18,2,1350
1879,59,40,2024-04-17,2,1722
1880,34,11,2024-12-19,4,3896
1881,196,15,2024-01-10,1,179
1882,199,62,2024-01-22,4,4220
1883,51,14,2024-12-03,1,1026
1884,132,76,2024-08-28,1,493
1885,31,33,2024-02-03,1,835
1886,78,86,2024-02-19,1,854
1887,32,78,2024-10-27,2,1966
1888,52,24,2024-01-15,3,3231
1889,24,19,2024-10-23,3,606
1890,90,46,2024-09-13,2,566
1891,200,94,2024-05-03,5,775
1892,130,73,2024-02-20,1,947
1893,149,98,2024-09-27,1,923
1894,56,92,2024-05-24,2,2028
1895,44,97,2024-01-03,5,1080
1896,186,13,2024-09-15,2,2078
1897,182,61,2024-12-23,3,2400
1898,151,24,2024-12-10,4,4308
1899,28,24,2024-07-13,3,3231
1900,109,28,2024-04-26,5,3635
1901,105,15,2024-03-04,3,537
1902,120,15,2024-03-10,5,895
1903,127,98,2024-12-26,3,2769
1904,74,72,2024-02-12,1,1127
1905,84,64,2024-07-16,1,864
1906,73,59,2024-06-08,5,2570
1907,176,57,2024-10-10,2,1148
1908,105,38,2024-04-06,4,4272
1909,18,61,2024-04-01,3,2400
1910,4,87,2024-12-10,4,672
1911,27,51,2024-09-24,4,172
1912,169,87,2024-03-02,1,168
1913,37,51,2024-12-21,4,172
1914,152,14,2024-02-03,2,2052
1915,94,26,2024-04-12,3,2721
1916,153,52,2024-04-29,1,850
1917,109,93,2024-05-22,4,352
1918,196,92,2024-10-30,5,5070
1919,70,97,2024-07-01,4,864
1920,122,86,2024-07-26,5,4270
1921,125,66,2024-03-16,3,60
1922,197,59,2024-03-03,1,514
1923,65,63,2024-04-28,4,628
1924,161,18,2024-02-20,1,527
1925,189,7,2024-09-12,1,161
1926,174,4,2024-07-14,2,500
1927,155,87,2024-03-19,3,504
1928,78,80,2024-02-19,5,5145
1929,195,10,2024-09-09,5,4570
1930,120,26,2024-12-04,3,2721
1931,128,63,2024-05-13,5,785
1932,139,44,2024-10-06,5,600
1933,5,98,2024-08-08,1,923
1934,31,50,2024-06-10,4,2604
1935,97,57,2024-01-19,4,2296
1936,9,23,2024-12-03,5,1865
1937,200,39,2024-09-08,2,2252
1938,111,18,2024-07-18,3,1581
1939,125,98,2024-10-18,1,923
1940,173,63,2024-12-16,5,785
1941,139,74,2024-08-31,4,1604
1942,144,21,2024-01-29,5,285
1943,101,34,2024-10-29,4,360
1944,97,79,2024-05-25,3,2415
1945,83,8,2024-10-29,1,354
1946,12,17,2024-06-27,3,2025
1947,190,75,2024-11-16,1,1186
1948,88,49,2024-08-07,1,505
1949,89,46,2024-06-28,4,1132
1950,15,85,2024-05-06,2,92
1951,61,83,2024-10-30,3,2748
1952,22,89,2024-06-05,1,829
1953,30,44,2024-01-11,2,240
1954,138,42,2024-08-23,1,755
1955,169,55,2024-09-20,5,1650
1956,108,35,2024-12-22,1,195
1957,121,76,2024-06-11,1,493
1958,97,74,2024-06-14,4,1604
1959,147,13,2024-02-21,4,4156
1960,177,87,2024-06-21,2,336
1961,128,65,2024-03-26,3,3162
1962,158,39,2024-08-11,3,3378
1963,52,64,2024-10-01,1,864
1964,55,37,2024-01-25,3,756
1965,77,74,2024-04-25,4,1604
1966,160,96,2024-10-23,1,200
1967,25,76,2024-05-19,3,1479
1968,18,73,2024-08-31,5,4735
1969,110,27,2024-02-09,3,603
1970,167,39,2024-06-02,5,5630
1971,111,85,2024-06-09,5,230
1972,52,54,2024-05-08,4,3840
1973,160,66,2024-12-09,4,80
1974,196,71,2024-01-10,2,1390
1975,161,91,2024-04-05,5,3965
1976,148,64,2024-12-04,2,1728
1977,191,60,2024-11-22,3,3429
1978,137,79,2024-10-16,4,3220
1979,187,81,2024-09-24,1,273
1980,52,47,2024-03-16,4,3648
1981,62,20,2024-08-10,3,3579
1982,106,41,2024-11-20,1,399
1983,53,53,2024-05-26,3,1425
1984,166,21,2024-12-17,3,171
1985,154,31,2024-05-02,4,2760
1986,30,20,2024-01-15,2,2386
1987,63,40,2024-09-05,4,3444
1988,144,56,2024-11-27,4,2448
1989,10,26,2024-05-19,2,1814
1990,35,4,2024-05-22,3,750
1991,169,71,2024-11-25,2,1390
1992,11,93,2024-01-11,4,352
1993,15,11,2024-11-04,3,2922
1994,77,9,2024-07-05,4,4720
1995,172,85,2024-07-22,1,46
1996,186,18,2024-02-27,2,1054
1997,147,95,2024-03-02,5,3015
1998,134,86,2024-09-25,5,4270
1999,65,64,2024-05-01,1,864
2000,154,16,2024-06-17,3,288
